vsn,color,sizes,wm_upc,price,Inventory
77929,WHTC,2XL,71660546920,12.2,2
77929,WHTC,3XL,71660546921,12.2,4
77929,WHTC,L,71660546922,12.2,12
77929,WHTC,M,71660546923,12.2,12
77929,WHTC,S,71660546924,12.2,8
77929,WHTC,XL,71660546925,12.2,10
77929,WHTC,XS,71660546919,12.2,3
77956,WHTD,2XL,71660558145,13,58
77956,WHTD,3XL,71660566177,13,10
77956,WHTD,L,71660566193,13,106
77956,WHTD,M,71660583981,13,106
77956,WHTD,S,71660583982,13,34
77956,WHTD,XL,71660583983,13,45
77956,WHTD,XS,71660583984,13,34
WD003,BLK,M,19466124421,10.7,101
WD003,BLK,S,19466124422,10.7,45
WD003,BLK,XS,19466124424,10.7,70
WD066A,BLK,2XL,19466137242,18.85,111
WD066A,BLK,3XL,19466137243,18.85,105
WD066A,BLK,L,19466137244,18.85,65
WD066A,BLK,M,19466137245,18.85,88
WD066A,BLK,S,19466137246,18.85,64
WD066A,BLK,XL,19466137247,18.85,92
WD066A,BLK,XS,19466137248,18.85,48
WD066A,EBW,2XL,19466137249,13,0
WD066A,EBW,3XL,19466137250,13,0
WD066A,EBW,L,19466137251,18.85,60
WD066A,EBW,M,19466137252,13,0
WD066A,EBW,S,19466137253,18.85,31
WD066A,EBW,XL,19466137254,13,0
WD066A,EBW,XS,19466137255,18.85,37
WD066A,HTPT,2XL,19466137256,13,54
WD066A,HTPT,3XL,19466137257,13,0
WD066A,HTPT,L,19466137258,13,65
WD066A,HTPT,M,19466137259,13,49
WD066A,HTPT,S,19466137260,18.85,10
WD066A,HTPT,XL,19466137261,13,54
WD066A,HTPT,XS,19466137262,18.85,42
WD066A,IND,2XL,19466137265,13,27
WD066A,IND,3XL,19466137266,13,8
WD066A,IND,L,19466137267,18.85,0
WD066A,IND,M,19466137268,18.85,97
WD066A,IND,S,19466137269,18.85,47
WD066A,IND,XL,19466137270,13,11
WD066A,IND,XS,19466137271,18.85,50
WD067A,BLK,2XL,19466155256,12.6,0
WD067A,BLK,3XL,19466155257,12.6,9
WD067A,BLK,L,19466155258,12.6,3
WD067A,BLK,M,19466155259,12.6,12
WD067A,BLK,S,19466155260,12.6,39
WD067A,BLK,XL,19466155261,12.6,0
WD067A,BLK,XS,19466155262,12.6,33
WD067A,DESL,2XL,19466155263,12.6,5
WD067A,DESL,3XL,19466155264,12.6,0
WD067A,DESL,L,19466155265,12.6,16
WD067A,DESL,M,19466155266,12.6,12
WD067A,DESL,S,19466155267,12.6,6
WD067A,DESL,XL,19466155268,12.6,4
WD067A,DESL,XS,19466155269,12.6,3
WD067A,EBW,2XL,19466155270,12.6,3
WD067A,EBW,3XL,19466155271,12.6,0
WD067A,EBW,L,19466155272,12.6,0
WD067A,EBW,M,19466155273,12.6,6
WD067A,EBW,S,19466155274,12.6,9
WD067A,EBW,XL,19466155275,12.6,1
WD067A,EBW,XS,19466155276,12.6,2
WD067A,EGG,2XL,19466155277,12.6,8
WD067A,EGG,3XL,19466155278,12.6,0
WD067A,EGG,L,19466155279,12.6,9
WD067A,EGG,M,19466155280,12.6,16
WD067A,EGG,S,19466155281,12.6,6
WD067A,EGG,XL,19466155282,12.6,9
WD067A,EGG,XS,19466155283,12.6,4
WD067A,IND,3XL,19466156570,12.6,0
WD067A,IND,M,19466156572,12.6,0
WD067A,IND,S,19466156573,12.6,5
WD067A,IND,XL,19466156574,12.6,0
WD067A,IND,XS,19466156575,12.6,0
WD067A,PWT,2XL,19466155284,12.6,38
WD067A,PWT,3XL,19466155285,12.6,20
WD067A,PWT,L,19466155286,12.6,56
WD067A,PWT,M,19466155287,12.6,54
WD067A,PWT,S,19466155288,12.6,48
WD067A,PWT,XL,19466155289,12.6,50
WD067A,PWT,XS,19466155290,12.6,36
WD067A,WIN,2XL,19466155291,12.6,4
WD067A,WIN,3XL,19466155292,12.6,0
WD067A,WIN,L,19466155293,12.6,0
WD067A,WIN,M,19466155294,12.6,13
WD067A,WIN,S,19466155295,12.6,7
WD067A,WIN,XL,19466155296,12.6,7
WD067A,WIN,XS,19466155297,12.6,4
WD071A,BLK,2XL,19466155158,12.05,11
WD071A,BLK,3XL,19466155159,12.05,0
WD071A,BLK,L,19466155160,12.05,0
WD071A,BLK,M,19466155161,12.05,15
WD071A,BLK,S,19466155162,12.05,0
WD071A,BLK,XL,19466155163,12.05,22
WD071A,BLK,XS,19466155164,12.05,4
WD071A,DESL,2XL,19466155165,12.05,39
WD071A,DESL,3XL,19466155166,12.05,29
WD071A,DESL,L,19466155167,12.05,32
WD071A,DESL,M,19466155168,12.05,56
WD071A,DESL,S,19466155169,12.05,31
WD071A,DESL,XL,19466155170,12.05,21
WD071A,DESL,XS,19466155171,12.05,28
WD071A,EBW,2XL,19466155172,12.05,50
WD071A,EBW,3XL,19466155173,12.05,20
WD071A,EBW,L,19466155174,12.05,64
WD071A,EBW,M,19466155175,12.05,39
WD071A,EBW,S,19466155176,12.05,48
WD071A,EBW,XL,19466155177,12.05,27
WD071A,EBW,XS,19466155178,12.05,53
WD071A,EGG,2XL,19466155179,12.05,28
WD071A,EGG,3XL,19466155180,12.05,38
WD071A,EGG,L,19466155181,12.05,47
WD071A,EGG,M,19466155182,12.05,64
WD071A,EGG,S,19466155183,12.05,44
WD071A,EGG,XL,19466155184,12.05,32
WD071A,EGG,XS,19466155185,12.05,55
WD071A,IND,2XL,19466155186,12.05,31
WD071A,IND,3XL,19466155187,12.05,21
WD071A,IND,L,19466155188,12.05,55
WD071A,IND,M,19466155189,12.05,79
WD071A,IND,S,19466155190,12.05,44
WD071A,IND,XL,19466155191,12.05,42
WD071A,IND,XS,19466155192,12.05,59
WD071A,PWT,2XL,19466155193,12.05,23
WD071A,PWT,3XL,19466155194,12.05,30
WD071A,PWT,L,19466155195,12.05,41
WD071A,PWT,M,19466155196,12.05,44
WD071A,PWT,S,19466155197,12.05,33
WD071A,PWT,XL,19466155198,12.05,18
WD071A,PWT,XS,19466155199,12.05,28
WD071A,WIN,2XL,19466155200,12.05,24
WD071A,WIN,3XL,19466155201,12.05,28
WD071A,WIN,L,19466155202,12.05,31
WD071A,WIN,M,19466155203,12.05,92
WD071A,WIN,S,19466155204,12.05,68
WD071A,WIN,XL,19466155205,12.05,41
WD071A,WIN,XS,19466155206,12.05,39
WD073A,AQBU,2XL,19466155052,12.48,25
WD073A,AQBU,3XL,19466155053,12.48,6
WD073A,AQBU,L,19466155054,12.48,45
WD073A,AQBU,M,19466155055,12.48,49
WD073A,AQBU,S,19466155056,12.48,52
WD073A,AQBU,XL,19466155057,12.48,4
WD073A,AQBU,XS,19466155058,12.48,0
WD073A,DESL,2XL,19466155066,12.48,13
WD073A,DESL,L,19466155068,12.48,10
WD073A,DESL,S,19466155070,12.48,7
WD073A,EBW,2XL,19466155073,0,0
WD073A,EBW,3XL,19466155074,0,0
WD073A,EBW,L,19466155075,12.48,10
WD073A,EBW,M,19466155076,12.48,16
WD073A,EBW,S,19466155077,0,0
WD073A,EBW,XL,19466155078,12.48,0
WD073A,EBW,XS,19466155079,0,0
WD073A,WIN,2XL,19466155101,12.48,0
WD073A,WIN,L,19466155103,12.48,24
WD073A,WIN,M,19466155104,12.48,12
WD073A,WIN,S,19466155105,12.48,15
WD073A,WIN,XS,19466155107,12.48,9
WD074,BLK,2XL,19466154954,7.73,12
WD074,BLK,3XL,19466154955,7.73,17
WD074,BLK,L,19466154956,7.73,29
WD074,BLK,M,19466154957,7.73,86
WD074,BLK,S,19466154958,7.73,11
WD074,BLK,XL,19466154959,7.73,12
WD074,BLK,XS,19466154960,7.73,25
WD074,CIE,2XL,19466154982,7.73,61
WD074,CIE,3XL,19466154983,7.73,39
WD074,CIE,L,19466154984,7.73,72
WD074,CIE,M,19466154985,7.73,92
WD074,CIE,S,19466154986,7.73,72
WD074,CIE,XL,19466154987,7.73,66
WD074,CIE,XS,19466154988,7.73,49
WD074,EBW,2XL,19466154968,7.73,57
WD074,EBW,3XL,19466154969,7.73,42
WD074,EBW,L,19466154970,7.73,60
WD074,EBW,M,19466154971,7.73,82
WD074,EBW,S,19466154972,7.73,59
WD074,EBW,XL,19466154973,7.73,57
WD074,EBW,XS,19466154974,7.73,69
WD074,IND,2XL,19466154961,7.73,20
WD074,IND,3XL,19466154962,7.73,20
WD074,IND,L,19466154963,7.73,23
WD074,IND,M,19466154964,7.73,49
WD074,IND,S,19466154965,7.73,17
WD074,IND,XL,19466154966,7.73,16
WD074,IND,XS,19466154967,7.73,44
WD074,PWT,2XL,19466154989,7.73,38
WD074,PWT,3XL,19466154990,7.73,15
WD074,PWT,L,19466154991,7.73,28
WD074,PWT,M,19466154992,7.73,42
WD074,PWT,S,19466154993,7.73,37
WD074,PWT,XL,19466154994,7.73,37
WD074,PWT,XS,19466154995,7.73,35
WD074,WIN,2XL,19466154975,7.73,32
WD074,WIN,3XL,19466154976,7.73,25
WD074,WIN,L,19466154977,7.73,40
WD074,WIN,M,19466154978,7.73,129
WD074,WIN,S,19466154979,7.73,40
WD074,WIN,XL,19466154980,7.73,59
WD074,WIN,XS,19466154981,7.73,38
WD216,BLK,2XL,19466178279,12.05,263
WD216,BLK,3XL,19466178280,12.05,136
WD216,BLK,L,19466178281,12.05,379
WD216,BLK,M,19466178282,12.05,358
WD216,BLK,S,19466178283,12.05,242
WD216,BLK,XL,19466178284,12.05,319
WD216,BLK,XS,19466178285,12.05,115
WD216,IND,2XL,19466178286,12.05,178
WD216,IND,3XL,19466178287,12.05,97
WD216,IND,L,19466178288,12.05,289
WD216,IND,M,19466178289,12.05,272
WD216,IND,S,19466178290,12.05,181
WD216,IND,XL,19466178291,12.05,250
WD216,IND,XS,19466178292,12.05,87
WD216,PWT,2XL,19466178293,12.05,170
WD216,PWT,3XL,19466178294,12.05,84
WD216,PWT,L,19466178295,12.05,247
WD216,PWT,M,19466178296,12.05,246
WD216,PWT,S,19466178297,12.05,138
WD216,PWT,XL,19466178298,12.05,217
WD216,PWT,XS,19466178299,12.05,76
WD630,BLK,2XL,19466178300,11.38,121
WD630,BLK,3XL,19466178301,11.38,71
WD630,BLK,L,19466178302,11.38,189
WD630,BLK,M,19466178303,11.38,180
WD630,BLK,S,19466178304,11.38,128
WD630,BLK,XL,19466178305,11.38,169
WD630,BLK,XS,19466178306,11.38,56
WD630,IND,2XL,19466178307,11.38,80
WD630,IND,3XL,19466178308,11.38,49
WD630,IND,L,19466178309,11.38,148
WD630,IND,M,19466178310,11.38,127
WD630,IND,S,19466178311,11.38,88
WD630,IND,XL,19466178312,11.38,125
WD630,IND,XS,19466178313,11.38,41
WD630,PWT,2XL,19466178314,11.38,94
WD630,PWT,3XL,19466178315,11.38,55
WD630,PWT,L,19466178316,11.38,145
WD630,PWT,M,19466178317,11.38,136
WD630,PWT,S,19466178318,11.38,95
WD630,PWT,XL,19466178319,11.38,128
WD630,PWT,XS,19466178320,11.38,43
WD803,BLK,2XL,19466124541,9.8,82
WD803,BLK,L,19466124542,9.8,79
WD803,BLK,S,19466124544,9.8,46
WD803,BLK,XL,19466124545,9.8,93
WD803,EGG,2XL,73731496748,9.8,46
WD803,EGG,L,73731496749,9.8,75
WD803,EGG,M,73731496750,9.8,29
WD803,EGG,XL,73731496752,9.8,128
WD803,IND,2XL,19466124547,9.8,51
WD803,IND,L,19466124548,9.8,62
WD803,IND,M,19466124549,9.8,58
WD803,IND,S,19466124550,9.8,10
WD803,IND,XL,19466124551,9.8,94
WD854A,BLK,2XL,19466137214,16.1,72
WD854A,BLK,3XL,19466137215,16.1,65
WD854A,BLK,L,19466137216,16.1,95
WD854A,BLK,M,19466137217,16.1,101
WD854A,BLK,XL,19466137219,16.1,78
WD854A,BLK,XS,19466137220,16.1,64
WD854A,EBW,2XL,19466137235,16.1,34
WD854A,EBW,3XL,19466137236,16.1,8
WD854A,EBW,L,19466137237,16.1,36
WD854A,EBW,S,19466137239,16.1,58
WD854A,EBW,XL,19466137240,16.1,61
WD854A,EBW,XS,19466137241,16.1,70
WD854A,HTPT,2XL,19466137221,16.1,51
WD854A,HTPT,3XL,19466137222,16.1,35
WD854A,HTPT,L,19466137223,16.1,51
WD854A,HTPT,M,19466137224,16.1,83
WD854A,HTPT,S,19466137225,16.1,51
WD854A,HTPT,XL,19466137226,16.1,47
WD854A,HTPT,XS,19466137227,16.1,59
WD854A,IND,2XL,19466137228,16.1,0
WD854A,IND,3XL,19466137229,16.1,13
WD854A,IND,L,19466137230,16.1,15
WD854A,IND,M,19466137231,16.1,64
WD854A,IND,S,19466137232,16.1,25
WD854A,IND,XL,19466137233,16.1,2
WD854A,IND,XS,19466137234,16.1,55
WD855A,BLK,2XL,19466155207,11.93,5
WD855A,BLK,3XL,19466155208,11.93,0
WD855A,BLK,L,19466155209,11.93,0
WD855A,BLK,M,19466155210,11.93,14
WD855A,BLK,S,19466155211,11.93,6
WD855A,BLK,XL,19466155212,11.93,5
WD855A,BLK,XS,19466155213,11.93,2
WD855A,DESL,2XL,19466155214,11.93,9
WD855A,DESL,3XL,19466155215,11.93,0
WD855A,DESL,L,19466155216,11.93,15
WD855A,DESL,M,19466155217,11.93,16
WD855A,DESL,S,19466155218,11.93,8
WD855A,DESL,XL,19466155219,11.93,11
WD855A,DESL,XS,19466155220,11.93,4
WD855A,EBW,2XL,19466155221,11.93,9
WD855A,EBW,3XL,19466155222,11.93,1
WD855A,EBW,L,19466155223,11.93,2
WD855A,EBW,M,19466155224,11.93,9
WD855A,EBW,S,19466155225,11.93,8
WD855A,EBW,XL,19466155226,11.93,6
WD855A,EBW,XS,19466155227,11.93,4
WD855A,EGG,2XL,19466155228,11.93,9
WD855A,EGG,3XL,19466155229,11.93,2
WD855A,EGG,L,19466155230,11.93,17
WD855A,EGG,M,19466155231,11.93,18
WD855A,EGG,S,19466155232,11.93,9
WD855A,EGG,XL,19466155233,11.93,13
WD855A,EGG,XS,19466155234,11.93,4
WD855A,IND,2XL,19466155235,11.93,2
WD855A,IND,3XL,19466155236,11.93,2
WD855A,IND,L,19466155237,11.93,5
WD855A,IND,M,19466155238,11.93,0
WD855A,IND,S,19466155239,11.93,8
WD855A,IND,XL,19466155240,11.93,0
WD855A,IND,XS,19466155241,11.93,4
WD855A,PWT,2XL,19466155242,11.93,6
WD855A,PWT,3XL,19466155243,11.93,1
WD855A,PWT,L,19466155244,11.93,8
WD855A,PWT,M,19466155245,11.93,11
WD855A,PWT,S,19466155246,11.93,8
WD855A,PWT,XL,19466155247,11.93,15
WD855A,PWT,XS,19466155248,11.93,3
WD855A,WIN,2XL,19466155249,11.93,9
WD855A,WIN,3XL,19466155250,11.93,3
WD855A,WIN,L,19466155251,11.93,13
WD855A,WIN,M,19466155252,11.93,15
WD855A,WIN,S,19466155253,11.93,10
WD855A,WIN,XL,19466155254,11.93,14
WD855A,WIN,XS,19466155255,11.93,3
WD869A,AQBU,2XL,19466155045,11.22,28
WD869A,AQBU,3XL,19466155046,11.22,18
WD869A,AQBU,L,19466155047,11.22,97
WD869A,AQBU,M,19466155048,11.22,90
WD869A,AQBU,S,19466155049,11.22,61
WD869A,AQBU,XL,19466155050,11.22,67
WD869A,AQBU,XS,19466155051,11.22,31
WD869A,BLK,2XL,19466155038,11.22,61
WD869A,BLK,3XL,19466155039,11.22,22
WD869A,BLK,L,19466155040,11.22,99
WD869A,BLK,M,19466155041,11.22,54
WD869A,BLK,S,19466155042,11.22,68
WD869A,BLK,XL,19466155043,11.22,76
WD869A,BLK,XS,19466155044,11.22,28
WD869A,DESL,2XL,19466155024,11.22,4
WD869A,DESL,L,19466155026,11.22,28
WD869A,DESL,M,19466155027,11.22,22
WD869A,DESL,S,19466155028,11.22,46
WD869A,DESL,XL,19466155029,11.22,16
WD869A,EBW,2XL,19466155031,11.22,8
WD869A,EBW,3XL,19466155032,11.22,24
WD869A,EBW,L,19466155033,11.22,72
WD869A,EBW,M,19466155034,11.22,60
WD869A,EBW,S,19466155035,11.22,49
WD869A,EBW,XL,19466155036,11.22,60
WD869A,EBW,XS,19466155037,11.22,22
WD869A,EGG,3XL,19466155018,0,0
WD869A,EGG,L,19466155019,11.22,31
WD869A,EGG,M,19466155020,11.22,32
WD869A,EGG,S,19466155021,11.22,47
WD869A,EGG,XL,19466155022,0,0
WD869A,IND,L,19466154998,11.22,30
WD869A,IND,M,19466154999,11.22,18
WD869A,IND,S,19466155000,11.22,38
WD869A,IND,XL,19466155001,11.22,0
WD869A,PWT,2XL,19466155010,11.22,3
WD869A,PWT,3XL,19466155011,11.22,0
WD869A,PWT,L,19466155012,11.22,24
WD869A,PWT,M,19466155013,11.22,52
WD869A,PWT,S,19466155014,11.22,56
WD869A,PWT,XL,19466155015,11.22,36
WD869A,WIN,3XL,19466155004,11.22,0
WD869A,WIN,L,19466155005,11.22,51
WD869A,WIN,M,19466155006,11.22,81
WD869A,WIN,S,19466155007,11.22,23
WD869A,WIN,XL,19466155008,11.22,32
WD869A,WIN,XS,19466155009,11.22,25
WD870,BLK,2XL,19466154918,7.09,65
WD870,BLK,3XL,19466154919,7.09,0
WD870,BLK,L,19466154920,7.09,112
WD870,BLK,M,19466154921,7.09,81
WD870,BLK,S,19466154922,7.09,20
WD870,BLK,XL,19466154923,7.09,93
WD870,BLK,XS,19466154924,7.09,16
WD870,CIE,2XL,19466154947,7.09,68
WD870,CIE,3XL,19466154948,7.09,15
WD870,CIE,L,19466154949,7.09,114
WD870,CIE,M,19466154950,7.09,107
WD870,CIE,S,19466154951,7.09,62
WD870,CIE,XL,19466154952,7.09,85
WD870,CIE,XS,19466154953,7.09,0
WD870,EBW,2XL,19466154933,7.09,44
WD870,EBW,3XL,19466154934,7.09,26
WD870,EBW,L,19466154935,7.09,105
WD870,EBW,M,19466154936,7.09,80
WD870,EBW,S,19466154937,7.09,46
WD870,EBW,XL,19466154938,7.09,98
WD870,EBW,XS,19466154939,7.09,23
WD870,IND,2XL,19466154926,7.09,41
WD870,IND,3XL,19466154927,7.09,35
WD870,IND,L,19466154928,7.09,111
WD870,IND,M,19466154929,7.09,107
WD870,IND,S,19466154930,7.09,63
WD870,IND,XL,19466154931,7.09,91
WD870,IND,XS,19466154932,7.09,19
WD870,PWT,2XL,19466154910,7.09,87
WD870,PWT,3XL,19466154911,7.09,48
WD870,PWT,L,19466154912,7.09,135
WD870,PWT,M,19466154913,7.09,125
WD870,PWT,S,19466154914,7.09,57
WD870,PWT,XL,19466154915,7.09,113
WD870,PWT,XS,19466154916,7.09,0
WD870,WIN,2XL,19466154940,7.09,46
WD870,WIN,3XL,19466154941,7.09,37
WD870,WIN,L,19466154942,7.09,103
WD870,WIN,M,19466154943,7.09,101
WD870,WIN,S,19466154944,7.09,72
WD870,WIN,XL,19466154945,7.09,84
WD870,WIN,XS,19466154946,7.09,33
WD872A,BLK,2XL,19466155108,11.38,0
WD872A,BLK,3XL,19466155109,11.38,0
WD872A,BLK,L,19466155110,11.38,0
WD872A,BLK,M,19466155111,11.38,38
WD872A,BLK,S,19466155112,11.38,46
WD872A,BLK,XL,19466155113,11.38,0
WD872A,BLK,XS,19466155114,11.38,46
WD872A,DESL,2XL,19466155115,11.38,35
WD872A,DESL,3XL,19466155116,11.38,0
WD872A,DESL,L,19466155117,11.38,102
WD872A,DESL,M,19466155118,11.38,104
WD872A,DESL,S,19466155119,11.38,57
WD872A,DESL,XL,19466155120,11.38,25
WD872A,DESL,XS,19466155121,11.38,35
WD872A,EBW,2XL,19466155122,11.38,23
WD872A,EBW,3XL,19466155123,11.38,16
WD872A,EBW,L,19466155124,11.38,85
WD872A,EBW,M,19466155125,11.38,87
WD872A,EBW,S,19466155126,11.38,52
WD872A,EBW,XL,19466155127,11.38,23
WD872A,EBW,XS,19466155128,11.38,65
WD872A,EGG,2XL,19466155129,11.38,13
WD872A,EGG,3XL,19466155130,11.38,8
WD872A,EGG,L,19466155131,11.38,37
WD872A,EGG,M,19466155132,11.38,81
WD872A,EGG,S,19466155133,11.38,43
WD872A,EGG,XL,19466155134,11.38,19
WD872A,EGG,XS,19466155135,11.38,43
WD872A,IND,2XL,19466155136,11.38,7
WD872A,IND,3XL,19466155137,11.38,0
WD872A,IND,L,19466155138,11.38,0
WD872A,IND,M,19466155139,11.38,0
WD872A,IND,S,19466155140,11.38,19
WD872A,IND,XL,19466155141,11.38,0
WD872A,IND,XS,19466155142,11.38,20
WD872A,PWT,2XL,19466155144,11.38,0
WD872A,PWT,3XL,19466155145,11.38,9
WD872A,PWT,L,19466155146,11.38,0
WD872A,PWT,M,19466155147,11.38,0
WD872A,PWT,S,19466155148,11.38,34
WD872A,PWT,XL,19466155149,11.38,0
WD872A,PWT,XS,19466155150,11.38,23
WD872A,WIN,2XL,19466155151,11.38,0
WD872A,WIN,3XL,19466155152,11.38,0
WD872A,WIN,L,19466155153,11.38,23
WD872A,WIN,M,19466155154,11.38,45
WD872A,WIN,S,19466155155,11.38,16
WD872A,WIN,XL,19466155156,11.38,0
WD872A,WIN,XS,19466155157,11.38,18
WDK116,BLK,2XL,19466178251,16,78
WDK116,BLK,3XL,19466178252,16,45
WDK116,BLK,L,19466178253,16,118
WDK116,BLK,M,19466178254,16,113
WDK116,BLK,S,19466178255,16,75
WDK116,BLK,XL,19466178256,16,104
WDK116,BLK,XS,19466178257,16,34
WDK116,EBW,2XL,19466178258,16,54
WDK116,EBW,3XL,19466178259,16,30
WDK116,EBW,L,19466178260,16,81
WDK116,EBW,M,19466178261,16,78
WDK116,EBW,S,19466178262,16,50
WDK116,EBW,XL,19466178263,16,70
WDK116,EBW,XS,19466178264,16,22
WDK116,IND,2XL,19466178265,16,54
WDK116,IND,3XL,19466178266,16,30
WDK116,IND,L,19466178267,16,104
WDK116,IND,M,19466178268,16,78
WDK116,IND,S,19466178269,16,50
WDK116,IND,XL,19466178270,16,70
WDK116,IND,XS,19466178271,16,22
WDK116,PWT,2XL,19466178272,16,96
WDK116,PWT,3XL,19466178273,16,32
WDK116,PWT,L,19466178274,16,144
WDK116,PWT,M,19466178275,16,136
WDK116,PWT,S,19466178276,16,87
WDK116,PWT,XL,19466178277,16,121
WDK116,PWT,XS,19466178278,16,40
WDK128A,BLK,L,19466168067,0,0
WDK128ARC12,EBW,L,19466182552,158.4,0
WDK128ARC12,EBW,M,19466182553,158.4,0
WDK128ARC12,EBW,XL,19466182555,158.4,0
WDK128ARC12,HTPT,2XL,19466182557,158.4,0
WDK128ARC12,HTPT,3XL,19466182558,158.4,0
WDK128ARC12,HTPT,L,19466182559,158.4,0
WDK128ARC12,HTPT,M,19466182560,158.4,0
WDK128ARC12,HTPT,S,19466182561,158.4,0
WDK128ARC12,HTPT,XL,19466182562,158.4,2
WDK128ARC12,HTPT,XS,19466182556,158.4,0
WDK128ARC12,IND,S,19466182568,158.4,47
WDK412,BLK,2XL,19466178195,15.6,179
WDK412,BLK,3XL,19466178196,15.6,102
WDK412,BLK,L,19466178197,15.6,271
WDK412,BLK,M,19466178198,15.6,257
WDK412,BLK,S,19466178199,15.6,167
WDK412,BLK,XL,19466178200,15.6,230
WDK412,BLK,XS,19466178201,15.6,75
WDK412,EBW,2XL,19466178202,15.6,84
WDK412,EBW,3XL,19466178203,15.6,48
WDK412,EBW,L,19466178204,15.6,128
WDK412,EBW,M,19466178205,15.6,121
WDK412,EBW,S,19466178206,15.6,78
WDK412,EBW,XL,19466178207,15.6,103
WDK412,EBW,XS,19466178208,15.6,34
WDK412,IND,2XL,19466178209,15.6,96
WDK412,IND,3XL,19466178210,15.6,64
WDK412,IND,L,19466178211,15.6,149
WDK412,IND,M,19466178212,15.6,162
WDK412,IND,S,19466178213,15.6,104
WDK412,IND,XL,19466178214,15.6,126
WDK412,IND,XS,19466178215,15.6,48
WDK412,PWT,2XL,19466178216,15.6,121
WDK412,PWT,3XL,19466178217,15.6,68
WDK412,PWT,L,19466178218,15.6,181
WDK412,PWT,M,19466178219,15.6,173
WDK412,PWT,S,19466178220,15.6,111
WDK412,PWT,XL,19466178221,15.6,153
WDK412,PWT,XS,19466178222,15.6,51
WDK930ARC12,BLK,2XL,19466182515,148.56,0
WDK930ARC12,BLK,3XL,19466182516,148.56,0
WDK930ARC12,BLK,L,19466182517,148.56,0
WDK930ARC12,BLK,S,19466182519,148.56,0
WDK930ARC12,BLK,XL,19466182520,148.56,0
WDK930ARC12,BLK,XS,19466182514,148.56,0
WDK930ARC12,EBW,2XL,19466182522,148.56,0
WDK930ARC12,EBW,3XL,19466182523,148.56,0
WDK930ARC12,EBW,L,19466182524,148.56,0
WDK930ARC12,EBW,M,19466182525,148.56,0
WDK930ARC12,EBW,S,19466182526,148.56,0
WDK930ARC12,EBW,XL,19466182527,148.56,0
WDK930ARC12,EBW,XS,19466182521,148.56,0
WDK930ARC12,HTPT,2XL,19466182529,148.56,0
WDK930ARC12,HTPT,3XL,19466182530,148.56,0
WDK930ARC12,HTPT,S,19466182533,148.56,0
WDK930ARC12,HTPT,XL,19466182534,148.56,0
WDK930ARC12,IND,2XL,19466182536,148.56,0
WDK930ARC12,IND,3XL,19466182537,148.56,0
WDK930ARC12,IND,L,19466182538,148.56,0
WDK930ARC12,IND,M,19466182539,148.56,1
WDK930ARC12,IND,XL,19466182541,148.56,0
WDK930ARC12,IND,XS,19466182535,148.56,0
WDK931,BLK,2XL,19466178223,13,67
WDK931,BLK,3XL,19466178224,13,38
WDK931,BLK,L,19466178225,13,100
WDK931,BLK,M,19466178226,13,98
WDK931,BLK,S,19466178227,13,34
WDK931,BLK,XL,19466178228,13,88
WDK931,BLK,XS,19466178229,13,28
WDK931,EBW,2XL,19466178230,13,40
WDK931,EBW,3XL,19466178231,13,22
WDK931,EBW,L,19466178232,13,61
WDK931,EBW,M,19466178233,13,57
WDK931,EBW,S,19466178234,13,37
WDK931,EBW,XL,19466178235,13,52
WDK931,EBW,XS,19466178236,13,16
WDK931,IND,2XL,19466178237,13,40
WDK931,IND,3XL,19466178238,13,22
WDK931,IND,L,19466178239,13,61
WDK931,IND,M,19466178240,13,34
WDK931,IND,S,19466178241,13,37
WDK931,IND,XL,19466178242,13,51
WDK931,IND,XS,19466178243,13,16
WDK931,PWT,2XL,19466178244,13,53
WDK931,PWT,3XL,19466178245,13,27
WDK931,PWT,L,19466178246,13,101
WDK931,PWT,M,19466178247,13,68
WDK931,PWT,S,19466178248,13,52
WDK931,PWT,XL,19466178249,13,66
WDK931,PWT,XS,19466178250,13,22
WM117,AQBU,2XL,19466146656,7.27,28
WM117,AQBU,3XL,19466146657,7.27,0
WM117,AQBU,L,19466146658,7.27,299
WM117,AQBU,M,19466146659,7.27,549
WM117,AQBU,S,19466146660,7.27,380
WM117,AQBU,XL,19466146661,7.27,4
WM117,AQBU,XS,19466146662,7.27,2
WM117,BLK,2XL,19466146663,7.27,1512
WM117,BLK,3XL,19466146664,7.27,797
WM117,BLK,L,19466146665,7.27,3824
WM117,BLK,M,19466146666,7.27,3147
WM117,BLK,S,19466146667,7.27,3212
WM117,BLK,XL,19466146668,7.27,5180
WM117,CIE,2XL,19466146670,7.27,71
WM117,CIE,3XL,19466146671,7.27,42
WM117,CIE,L,19466146672,7.27,186
WM117,CIE,M,19466146673,7.27,763
WM117,CIE,S,19466146674,7.27,181
WM117,CIE,XL,19466146675,7.27,31
WM117,EBW,2XL,19466146677,7.27,26
WM117,EBW,3XL,19466146678,7.27,5
WM117,EBW,L,19466146679,7.27,745
WM117,EBW,M,19466146680,7.27,765
WM117,EBW,S,19466146681,7.27,323
WM117,EBW,XL,19466146682,7.27,80
WM117,EBW,XS,19466146683,7.27,10
WM117,IND,2XL,19466146684,7.27,1056
WM117,IND,3XL,19466146685,7.27,838
WM117,IND,L,19466146686,7.27,2488
WM117,IND,M,19466146687,7.27,858
WM117,IND,S,19466146688,7.27,796
WM117,IND,XL,19466146689,7.27,1601
WM117,IND,XS,19466146690,7.27,0
WM117,PWT,2XL,19466146691,7.27,92
WM117,PWT,3XL,19466146692,7.27,0
WM117,PWT,L,19466146693,7.27,588
WM117,PWT,M,19466146694,7.27,61
WM117,PWT,S,19466146695,7.27,0
WM117,PWT,XL,19466146696,7.27,662
WM117,PWT,XS,19466146697,7.27,0
WM117,WIN,2XL,19466146698,7.27,439
WM117,WIN,3XL,19466146699,7.27,254
WM117,WIN,L,19466146700,7.27,877
WM117,WIN,M,19466146701,7.27,1590
WM117,WIN,S,19466146702,7.27,1337
WM117,WIN,XL,19466146703,7.27,615
WM117,WIN,XS,19466146704,7.27,0
WM117RC12,AQBU,XL,19466182065,85.08,5
WM117RC12,BLK,L,19466182069,87.24,148
WM117RC12,BLK,M,19466182070,87.24,123
WM117RC12,BLK,S,19466182071,87.24,147
WM117RC12,BLK,XL,19466182072,87.24,64
WM117RC12,CIE,2XL,19466182074,85.08,0
WM117RC12,EBW,L,19466182083,87.24,32
WM117RC12,IND,3XL,19466182089,87.24,0
WM117RC12,PWT,2XL,19466182095,87.24,0
WM120,AQBU,2XL,19466146754,6.76,72
WM120,AQBU,3XL,19466146755,6.76,31
WM120,AQBU,L,19466146756,6.76,277
WM120,AQBU,M,19466146757,6.76,408
WM120,AQBU,S,19466146758,6.76,463
WM120,AQBU,XL,19466146759,6.76,212
WM120,AQBU,XS,19466146760,6.76,50
WM120,BLK,2XL,19466146761,6.76,6151
WM120,BLK,3XL,19466146762,6.76,2563
WM120,BLK,L,19466146763,6.76,14422
WM120,BLK,M,19466146764,6.76,13758
WM120,BLK,S,19466146765,6.76,10132
WM120,BLK,XL,19466146766,6.76,13065
WM120,BLK,XS,19466146767,6.76,116
WM120,CIE,2XL,19466146768,6.76,262
WM120,CIE,3XL,19466146769,6.76,62
WM120,CIE,L,19466146770,6.76,484
WM120,CIE,M,19466146771,6.76,346
WM120,CIE,S,19466146772,6.76,438
WM120,CIE,XL,19466146773,6.76,201
WM120,EBW,2XL,19466146775,6.76,1006
WM120,EBW,3XL,19466146776,6.76,241
WM120,EBW,L,19466146777,6.76,1935
WM120,EBW,M,19466146778,6.76,2242
WM120,EBW,S,19466146779,6.76,1941
WM120,EBW,XL,19466146780,6.76,1851
WM120,EBW,XS,19466146781,6.76,129
WM120,IND,2XL,19466146782,6.76,3004
WM120,IND,3XL,19466146783,6.76,1957
WM120,IND,L,19466146784,6.76,7948
WM120,IND,M,19466146785,6.76,7264
WM120,IND,S,19466146786,6.76,5667
WM120,IND,XL,19466146787,6.76,6000
WM120,IND,XS,19466146788,6.76,60
WM120,PWT,2XL,19466146789,6.76,1567
WM120,PWT,3XL,19466146790,6.76,660
WM120,PWT,L,19466146791,6.76,3305
WM120,PWT,M,19466146792,6.76,3224
WM120,PWT,S,19466146793,6.76,1839
WM120,PWT,XL,19466146794,6.76,2995
WM120,PWT,XS,19466146795,6.76,645
WM120,WIN,2XL,19466146796,6.76,347
WM120,WIN,3XL,19466146797,6.76,335
WM120,WIN,L,19466146798,6.76,543
WM120,WIN,M,19466146799,6.76,673
WM120,WIN,S,19466146800,6.76,456
WM120,WIN,XL,19466146801,6.76,500
WM120,WIN,XS,19466146802,6.76,28
WM120RC12,BLK,2XL,19466182116,81.12,6
WM120RC12,BLK,3XL,19466182117,81.12,8
WM120RC12,BLK,M,19466182119,81.12,26
WM120RC12,BLK,S,19466182120,81.12,18
WM120RC12,BLK,XL,19466182121,81.12,14
WM120RC12,EBW,2XL,19466182130,81.12,0
WM120RC12,EBW,L,19466182132,81.12,1
WM121A,AQBU,2XL,19466167858,9.87,69
WM121A,AQBU,3XL,19466167859,9.87,8
WM121A,AQBU,L,19466167860,9.87,21
WM121A,AQBU,M,19466167861,9.87,149
WM121A,AQBU,S,19466167862,9.87,6
WM121A,AQBU,XL,19466167863,9.87,155
WM121A,AQBU,XS,19466167864,9.87,149
WM121A,BLK,2XL,19466167865,9.87,7829
WM121A,BLK,3XL,19466167866,9.87,4028
WM121A,BLK,L,19466167867,9.87,17951
WM121A,BLK,M,19466167868,9.87,19647
WM121A,BLK,S,19466167869,9.87,13074
WM121A,BLK,XL,19466167870,9.87,13444
WM121A,BLK,XS,19466167871,9.87,8477
WM121A,DESL,2XL,19466167872,9.87,0
WM121A,DESL,3XL,19466167873,9.87,26
WM121A,DESL,L,19466167874,9.87,11
WM121A,DESL,M,19466167875,9.87,68
WM121A,DESL,S,19466167876,9.87,164
WM121A,DESL,XL,19466167877,9.87,0
WM121A,DESL,XS,19466167878,9.87,16
WM121A,EBW,2XL,19466167879,9.87,1644
WM121A,EBW,3XL,19466167880,9.87,895
WM121A,EBW,L,19466167881,9.87,2100
WM121A,EBW,M,19466167882,9.87,2611
WM121A,EBW,S,19466167883,9.87,2561
WM121A,EBW,XL,19466167884,9.87,2301
WM121A,EBW,XS,19466167885,9.87,1578
WM121A,IND,2XL,19466167886,9.87,4870
WM121A,IND,3XL,19466167887,9.87,1797
WM121A,IND,L,19466167888,9.87,7580
WM121A,IND,M,19466167889,9.87,7879
WM121A,IND,S,19466167890,9.87,8836
WM121A,IND,XL,19466167891,9.87,8082
WM121A,IND,XS,19466167892,9.87,6448
WM121A,PWT,2XL,19466167893,9.87,1214
WM121A,PWT,3XL,19466167894,9.87,1287
WM121A,PWT,L,19466167895,9.87,2600
WM121A,PWT,M,19466167896,9.87,3378
WM121A,PWT,S,19466167897,9.87,2263
WM121A,PWT,XL,19466167898,9.87,3001
WM121A,PWT,XS,19466167899,9.87,2181
WM121A,WIN,2XL,19466167900,9.87,509
WM121A,WIN,3XL,19466167901,9.87,426
WM121A,WIN,L,19466167902,9.87,956
WM121A,WIN,M,19466167903,9.87,1141
WM121A,WIN,S,19466167904,9.87,945
WM121A,WIN,XL,19466167905,9.87,798
WM121A,WIN,XS,19466167906,9.87,871
WM121AP,BLK,L,19466168029,9.87,6501
WM121AP,BLK,M,19466168030,9.87,7177
WM121AP,BLK,XS,19466170709,9.87,114
WM121AP,EBW,L,19466168031,9.87,0
WM121AP,EBW,M,19466168032,9.87,0
WM121AP,EBW,S,19466170712,9.87,0
WM121AP,EBW,XL,19466170713,9.87,154
WM121AP,EBW,XS,19466170714,9.87,32
WM121AP,IND,L,19466168033,9.87,3578
WM121AP,IND,M,19466168034,9.87,3391
WM121AP,IND,XL,19466170718,9.87,0
WM121AP,IND,XS,19466170719,9.87,6
WM121AP,PWT,L,19466168035,9.87,0
WM121AP,PWT,M,19466168036,9.87,0
WM121AP,PWT,S,19466170723,9.87,1
WM121AP,PWT,XL,19466170724,9.87,83
WM121AP,PWT,XS,19466170725,9.87,31
WM121APRC12,BLK,L,19466182305,118.44,110
WM121APRC12,BLK,M,19466182306,118.44,96
WM121APRC12,EBW,L,19466182310,118.44,13
WM121APRC12,PWT,L,19466182320,118.44,0
WM121APRC12,PWT,M,19466182321,118.44,0
WM121ARC12,AQBU,L,19466182258,126,15
WM121ARC12,AQBU,XS,19466182255,126,0
WM121ARC12,BLK,2XL,19466182263,118.44,124
WM121ARC12,BLK,L,19466182265,118.44,221
WM121ARC12,BLK,M,19466182266,118.44,226
WM121ARC12,BLK,S,19466182267,118.44,197
WM121ARC12,BLK,XL,19466182268,118.44,216
WM121ARC12,BLK,XS,19466182262,118.44,162
WM121ARC12,EBW,2XL,19466182277,118.44,0
WM121ARC12,EBW,3XL,19466182278,118.44,0
WM121ARC12,EBW,L,19466182279,118.44,5
WM121ARC12,EBW,M,19466182280,118.44,2
WM121ARC12,EBW,XL,19466182282,118.44,0
WM121ARC12,EBW,XS,19466182276,118.44,0
WM121ARC12,IND,2XL,19466182284,118.44,0
WM121ARC12,IND,L,19466182286,118.44,92
WM121ARC12,IND,M,19466182287,118.44,102
WM121ARC12,IND,S,19466182288,118.44,86
WM121ARC12,IND,XL,19466182289,118.44,81
WM121ARC12,IND,XS,19466182283,118.44,1
WM121ARC12,PWT,L,19466182293,118.44,77
WM121ARC12,PWT,M,19466182294,118.44,74
WM121ARC12,PWT,S,19466182295,118.44,70
WM121ARC12,PWT,XL,19466182296,118.44,67
WM122A,BLK,2XL,19466167970,9.87,114
WM122A,BLK,3XL,19466167971,9.87,0
WM122A,BLK,L,19466167972,9.87,4385
WM122A,BLK,M,19466167973,9.87,3810
WM122A,BLK,S,19466167974,9.87,3078
WM122A,BLK,XL,19466167975,9.87,80
WM122A,BLK,XS,19466167976,9.87,1976
WM122A,DESL,2XL,19466167977,9.87,0
WM122A,DESL,3XL,19466167978,9.87,0
WM122A,DESL,L,19466167979,9.87,0
WM122A,DESL,M,19466167980,9.87,0
WM122A,DESL,S,19466167981,9.87,3
WM122A,DESL,XL,19466167982,9.87,8
WM122A,DESL,XS,19466167983,9.87,17
WM122A,EBW,2XL,19466167984,9.87,0
WM122A,EBW,3XL,19466167985,9.87,31
WM122A,EBW,L,19466167986,9.87,18
WM122A,EBW,M,19466167987,9.87,15
WM122A,EBW,S,19466167988,9.87,25
WM122A,EBW,XL,19466167989,9.87,0
WM122A,EBW,XS,19466167990,9.87,45
WM122A,IND,2XL,19466167998,9.87,1110
WM122A,IND,3XL,19466167999,9.87,851
WM122A,IND,L,19466168000,9.87,2096
WM122A,IND,M,19466168001,9.87,2128
WM122A,IND,S,19466168002,9.87,1387
WM122A,IND,XL,19466168003,9.87,1179
WM122A,IND,XS,19466168004,9.87,1644
WM122A,PWT,2XL,19466168005,9.87,817
WM122A,PWT,3XL,19466168006,9.87,437
WM122A,PWT,L,19466168007,9.87,1145
WM122A,PWT,M,19466168008,9.87,1208
WM122A,PWT,S,19466168009,9.87,1028
WM122A,PWT,XL,19466168010,9.87,977
WM122A,PWT,XS,19466168011,9.87,771
WM122A,WIN,2XL,19466168012,9.87,137
WM122A,WIN,3XL,19466168013,9.87,205
WM122A,WIN,L,19466168014,9.87,327
WM122A,WIN,M,19466168015,9.87,359
WM122A,WIN,S,19466168016,9.87,1501
WM122A,WIN,XL,19466168017,9.87,49
WM122A,WIN,XS,19466168018,9.87,733
WM122AP,BLK,L,19466168019,9.87,4409
WM122AP,BLK,M,19466168020,9.87,4288
WM122AP,BLK,XL,19466170729,9.87,228
WM122AP,BLK,XS,19466170730,9.87,174
WM122AP,EBW,M,19466168022,9.87,35
WM122AP,EBW,S,19466170732,9.87,38
WM122AP,EBW,XL,19466170733,9.87,113
WM122AP,EBW,XS,19466170734,9.87,98
WM122AP,IND,L,19466168024,9.87,1253
WM122AP,IND,M,19466168025,9.87,1305
WM122AP,IND,S,19466170737,9.87,0
WM122AP,IND,XL,19466170738,9.87,302
WM122AP,IND,XS,19466170739,9.87,101
WM122AP,PWT,L,19466168026,9.87,414
WM122AP,PWT,M,19466168027,9.87,993
WM122AP,PWT,S,19466170741,9.87,28
WM122AP,PWT,XL,19466170742,9.87,88
WM122AP,PWT,XS,19466170743,9.87,134
WM122APRC12,PWT,L,19466182445,118.44,0
WM145,BLK,2XL,19466179640,11.38,11934
WM145,BLK,3XL,19466179641,11.38,7367
WM145,BLK,L,19466179642,11.38,14236
WM145,BLK,M,19466179643,11.38,13541
WM145,BLK,S,19466179644,11.38,12618
WM145,BLK,XL,19466179645,11.38,15542
WM145,BLK,XS,19466179646,11.38,9237
WM145,EBW,2XL,19466179647,11.38,6477
WM145,EBW,3XL,19466179648,11.38,4471
WM145,EBW,L,19466179649,11.38,8014
WM145,EBW,M,19466179650,11.38,7200
WM145,EBW,S,19466179651,11.38,7103
WM145,EBW,XL,19466179652,11.38,8244
WM145,EBW,XS,19466179653,11.38,5981
WM145,IND,2XL,19466179654,11.38,7005
WM145,IND,3XL,19466179655,11.38,4809
WM145,IND,L,19466179656,11.38,8301
WM145,IND,M,19466179657,11.38,8080
WM145,IND,S,19466179658,11.38,7842
WM145,IND,XL,19466179659,11.38,8933
WM145,IND,XS,19466179660,11.38,6717
WM145,PWT,2XL,19466179661,11.38,7327
WM145,PWT,3XL,19466179662,11.38,5002
WM145,PWT,L,19466179663,11.38,9258
WM145,PWT,M,19466179664,11.38,9151
WM145,PWT,S,19466179665,11.38,8510
WM145,PWT,XL,19466179666,11.38,9605
WM145,PWT,XS,19466179667,11.38,6969
WM145P,BLK,L,19466179668,11.38,11686
WM145P,BLK,M,19466179669,11.38,12028
WM145P,BLK,S,19466179670,11.38,106
WM145P,BLK,XL,19466179671,11.38,126
WM145P,BLK,XS,19466179672,11.38,39
WM145P,EBW,L,19466179673,11.38,6642
WM145P,EBW,M,19466179674,11.38,6659
WM145P,EBW,S,19466179675,11.38,74
WM145P,EBW,XL,19466179676,11.38,117
WM145P,EBW,XS,19466179677,11.38,48
WM145P,IND,L,19466179678,11.38,7545
WM145P,IND,M,19466179679,11.38,7271
WM145P,IND,S,19466179680,11.38,103
WM145P,IND,XL,19466179681,11.38,129
WM145P,IND,XS,19466179682,11.38,66
WM145P,PWT,L,19466179683,11.38,8400
WM145P,PWT,M,19466179684,11.38,8272
WM145P,PWT,S,19466179685,11.38,69
WM145P,PWT,XL,19466179686,11.38,120
WM145P,PWT,XS,19466179687,11.38,50
WM145PRC12,BLK,L,19466179833,136.56,14
WM145PRC12,BLK,M,19466179834,136.56,14
WM145PRC12,EBW,L,19466179849,136.56,5
WM145PRC12,EBW,M,19466179850,136.56,5
WM145PRC12,IND,L,19466179841,136.56,7
WM145PRC12,IND,M,19466179842,136.56,7
WM145PRC12,PWT,M,19466179858,136.56,0
WM145RC12,BLK,2XL,19466179799,136.56,12
WM145RC12,BLK,3XL,19466179800,136.56,6
WM145RC12,BLK,L,19466179801,136.56,18
WM145RC12,BLK,M,19466179802,136.56,18
WM145RC12,BLK,S,19466179803,136.56,17
WM145RC12,BLK,XL,19466179804,136.56,19
WM145RC12,BLK,XS,19466179805,136.56,14
WM145RC12,EBW,2XL,19466179823,136.56,5
WM145RC12,EBW,3XL,19466179824,136.56,0
WM145RC12,EBW,L,19466179825,136.56,0
WM145RC12,EBW,M,19466179826,136.56,8
WM145RC12,EBW,S,19466179827,136.56,7
WM145RC12,EBW,XL,19466179828,136.56,8
WM145RC12,EBW,XS,19466179829,136.56,5
WM145RC12,IND,2XL,19466179807,136.56,6
WM145RC12,IND,3XL,19466179808,136.56,3
WM145RC12,IND,L,19466179809,136.56,11
WM145RC12,IND,M,19466179810,136.56,10
WM145RC12,IND,XL,19466179812,136.56,0
WM145RC12,IND,XS,19466179813,136.56,7
WM145RC12,PWT,2XL,19466179815,136.56,6
WM145RC12,PWT,3XL,19466179816,136.56,0
WM145RC12,PWT,L,19466179817,136.56,10
WM145RC12,PWT,M,19466179818,136.56,0
WM145RC12,PWT,XS,19466179821,136.56,0
WM280,BLK,2XL,19466190900,9.84,17
WM280,BLK,3XL,19466190901,9.84,365
WM280,BLK,L,19466190902,9.84,401
WM280,BLK,M,19466190903,9.84,487
WM280,BLK,S,19466190904,9.84,159
WM280,BLK,XL,19466190905,9.84,87
WM280,BLK,XS,19466190906,9.84,80
WM280,MVHZ,2XL,19466190907,9.84,60
WM280,MVHZ,3XL,19466190908,9.84,50
WM280,MVHZ,L,19466190909,9.84,291
WM280,MVHZ,M,19466190910,9.84,472
WM280,MVHZ,S,19466190911,9.84,88
WM280,MVHZ,XL,19466190912,9.84,102
WM280,MVHZ,XS,19466190913,9.84,85
WM280,SGLF,2XL,19466190914,9.84,64
WM280,SGLF,3XL,19466190915,9.84,81
WM280,SGLF,L,19466190916,9.84,447
WM280,SGLF,M,19466190917,9.84,0
WM280,SGLF,S,19466190918,9.84,0
WM280,SGLF,XL,19466190919,9.84,0
WM280,SGLF,XS,19466190920,9.84,0
WM410,BLK,1XL,19466179890,9.78,0
WM410,BLK,2XL,19466179883,9.78,0
WM410,BLK,3XL,19466179884,9.78,0
WM410,BLK,L,19466179885,9.78,33
WM410,BLK,M,19466179886,9.78,0
WM410,BLK,S,19466179887,9.78,0
WM410,BLK,XS,19466179889,9.78,0
WM410,IND,2XL,19466179453,9.78,0
WM410,IND,3XL,19466179454,9.78,0
WM410,IND,L,19466179455,9.78,0
WM410,IND,M,19466179456,9.78,0
WM410,IND,S,19466179457,9.78,0
WM410,IND,XL,19466179458,9.78,0
WM410,IND,XS,19466179459,9.78,0
WM410,PWT,2XL,19466179460,9.78,1
WM410,PWT,3XL,19466179461,9.78,0
WM410,PWT,L,19466179462,9.78,0
WM410,PWT,M,19466179463,9.78,0
WM410,PWT,S,19466179464,9.78,0
WM410,PWT,XL,19466179465,9.78,2
WM410,PWT,XS,19466179466,9.78,20
WM679,BLK,2XL,19466179488,9.5,152
WM679,BLK,3XL,19466179489,9.5,50
WM679,BLK,L,19466179490,9.5,190
WM679,BLK,M,19466179491,9.5,170
WM679,BLK,S,19466179492,9.5,96
WM679,BLK,XL,19466179493,9.5,127
WM679,BLK,XS,19466179494,9.5,122
WM685,BLK,2XL,19466190879,9.12,108
WM685,BLK,3XL,19466190880,9.12,0
WM685,BLK,L,19466190881,9.12,0
WM685,BLK,M,19466190882,9.12,0
WM685,BLK,S,19466190883,9.12,492
WM685,BLK,XL,19466190884,9.12,0
WM685,BLK,XS,19466190885,9.12,301
WM685,MVHZ,2XL,19466190886,9.12,300
WM685,MVHZ,3XL,19466190887,9.12,668
WM685,MVHZ,L,19466190888,9.12,74
WM685,MVHZ,M,19466190889,9.12,12
WM685,MVHZ,S,19466190890,9.12,163
WM685,MVHZ,XL,19466190891,9.12,102
WM685,MVHZ,XS,19466190892,9.12,81
WM685,SGLF,2XL,19466190893,9.12,43
WM685,SGLF,3XL,19466190894,9.12,0
WM685,SGLF,L,19466190895,9.12,41
WM685,SGLF,M,19466190896,9.12,0
WM685,SGLF,S,19466190897,9.12,78
WM685,SGLF,XL,19466190898,9.12,60
WM685,SGLF,XS,19466190899,9.12,74
WM918,AQBU,2XL,19466146705,7.09,176
WM918,AQBU,3XL,19466146706,7.09,119
WM918,AQBU,L,19466146707,7.09,586
WM918,AQBU,M,19466146708,7.09,1005
WM918,AQBU,S,19466146709,7.09,712
WM918,AQBU,XL,19466146710,7.09,475
WM918,AQBU,XS,19466146711,7.09,2
WM918,BLK,2XL,19466146712,7.09,2075
WM918,BLK,3XL,19466146713,7.09,1031
WM918,BLK,L,19466146714,7.09,2697
WM918,BLK,M,19466146715,7.09,2754
WM918,BLK,S,19466146716,7.09,2105
WM918,BLK,XL,19466146717,7.09,3071
WM918,BLK,XS,19466146718,7.09,0
WM918,CIE,2XL,19466146719,7.09,0
WM918,CIE,3XL,19466146720,7.09,156
WM918,CIE,L,19466146721,7.09,600
WM918,CIE,M,19466146722,7.09,955
WM918,CIE,S,19466146723,7.09,786
WM918,CIE,XL,19466146724,7.09,382
WM918,CIE,XS,19466146725,7.09,0
WM918,EBW,2XL,19466146726,7.09,125
WM918,EBW,3XL,19466146727,7.09,0
WM918,EBW,L,19466146728,7.09,1343
WM918,EBW,M,19466146729,7.09,653
WM918,EBW,S,19466146730,7.09,1054
WM918,EBW,XL,19466146731,7.09,1345
WM918,EBW,XS,19466146732,7.09,0
WM918,IND,2XL,19466146733,7.09,1496
WM918,IND,3XL,19466146734,7.09,1202
WM918,IND,L,19466146735,7.09,3234
WM918,IND,M,19466146736,7.09,1990
WM918,IND,S,19466146737,7.09,1229
WM918,IND,XL,19466146738,7.09,2749
WM918,IND,XS,19466146739,7.09,0
WM918,PWT,2XL,19466146740,7.09,1048
WM918,PWT,3XL,19466146741,7.09,95
WM918,PWT,L,19466146742,7.09,1387
WM918,PWT,M,19466146743,7.09,549
WM918,PWT,S,19466146744,7.09,13
WM918,PWT,XL,19466146745,7.09,1410
WM918,PWT,XS,19466146746,7.09,0
WM918,WIN,2XL,19466146747,7.09,839
WM918,WIN,3XL,19466146748,7.09,334
WM918,WIN,L,19466146749,7.09,1622
WM918,WIN,M,19466146750,7.09,1965
WM918,WIN,S,19466146751,7.09,1961
WM918,WIN,XL,19466146752,7.09,1140
WM918,WIN,XS,19466146753,7.09,33
WM918RC12,EBW,S,19466182190,85.08,4
WM918RC12,IND,S,19466182197,85.08,51
WM918RC12,WIN,2XL,19466182158,92.76,5
WM921,AQBU,2XL,19466146803,6.55,509
WM921,AQBU,3XL,19466146804,6.55,257
WM921,AQBU,L,19466146805,6.55,827
WM921,AQBU,M,19466146806,6.55,444
WM921,AQBU,S,19466146807,6.55,869
WM921,AQBU,XL,19466146808,6.55,513
WM921,AQBU,XS,19466146809,6.55,43
WM921,BLK,2XL,19466146810,6.55,6545
WM921,BLK,3XL,19466146811,6.55,4603
WM921,BLK,L,19466146812,6.55,10178
WM921,BLK,M,19466146813,6.55,10086
WM921,BLK,S,19466146814,6.55,7526
WM921,BLK,XL,19466146815,6.55,8047
WM921,BLK,XS,19466146816,6.55,20
WM921,CIE,2XL,19466146817,6.55,555
WM921,CIE,3XL,19466146818,6.55,185
WM921,CIE,L,19466146819,6.55,834
WM921,CIE,M,19466146820,6.55,1000
WM921,CIE,S,19466146821,6.55,735
WM921,CIE,XL,19466146822,6.55,724
WM921,CIE,XS,19466146823,6.55,81
WM921,EBW,2XL,19466146824,6.55,2848
WM921,EBW,3XL,19466146825,6.55,1850
WM921,EBW,L,19466146826,6.55,5121
WM921,EBW,M,19466146827,6.55,4434
WM921,EBW,S,19466146828,6.55,3482
WM921,EBW,XL,19466146829,6.55,4066
WM921,EBW,XS,19466146830,6.55,31
WM921,IND,2XL,19466146831,6.55,5509
WM921,IND,3XL,19466146832,6.55,4029
WM921,IND,L,19466146833,6.55,9472
WM921,IND,M,19466146834,6.55,9100
WM921,IND,S,19466146835,6.55,7501
WM921,IND,XL,19466146836,6.55,8440
WM921,IND,XS,19466146837,6.55,103
WM921,PWT,2XL,19466146838,6.55,2700
WM921,PWT,3XL,19466146839,6.55,1654
WM921,PWT,L,19466146840,6.55,4040
WM921,PWT,M,19466146841,6.55,4367
WM921,PWT,S,19466146842,6.55,3190
WM921,PWT,XL,19466146843,6.55,3531
WM921,PWT,XS,19466146844,6.55,154
WM921,WIN,2XL,19466146845,6.55,1279
WM921,WIN,3XL,19466146846,6.55,617
WM921,WIN,L,19466146847,6.55,1665
WM921,WIN,M,19466146848,6.55,1696
WM921,WIN,S,19466146849,6.55,1453
WM921,WIN,XL,19466146850,6.55,1413
WM921,WIN,XS,19466146851,6.55,36
WM921RC12,AQBU,M,19466182210,86.28,3
WM921RC12,AQBU,XL,19466182212,86.28,11
WM921RC12,IND,S,19466182238,78.6,0
WM922A,AQBU,2XL,19466167809,8.88,501
WM922A,AQBU,3XL,19466167810,8.88,440
WM922A,AQBU,L,19466167811,8.88,1008
WM922A,AQBU,M,19466167812,8.88,1268
WM922A,AQBU,S,19466167813,8.88,1280
WM922A,AQBU,XL,19466167814,8.88,1190
WM922A,AQBU,XS,19466167815,8.88,966
WM922A,BLK,2XL,19466167816,8.88,6597
WM922A,BLK,3XL,19466167817,8.88,4730
WM922A,BLK,L,19466167818,8.88,8467
WM922A,BLK,M,19466167819,8.88,8335
WM922A,BLK,S,19466167820,8.88,8459
WM922A,BLK,XL,19466167821,8.88,7392
WM922A,BLK,XS,19466167822,8.88,713
WM922A,DESL,2XL,19466167823,8.88,896
WM922A,DESL,3XL,19466167824,8.88,555
WM922A,DESL,L,19466167825,8.88,1171
WM922A,DESL,M,19466167826,8.88,1538
WM922A,DESL,S,19466167827,8.88,1249
WM922A,DESL,XL,19466167828,8.88,1162
WM922A,DESL,XS,19466167829,8.88,970
WM922A,EBW,2XL,19466167830,8.88,2534
WM922A,EBW,3XL,19466167831,8.88,1836
WM922A,EBW,L,19466167832,8.88,3110
WM922A,EBW,M,19466167833,8.88,3578
WM922A,EBW,S,19466167834,8.88,2435
WM922A,EBW,XL,19466167835,8.88,2801
WM922A,EBW,XS,19466167836,8.88,2043
WM922A,IND,2XL,19466167837,8.88,5243
WM922A,IND,3XL,19466167838,8.88,4453
WM922A,IND,L,19466167839,8.88,6761
WM922A,IND,M,19466167840,8.88,7908
WM922A,IND,S,19466167841,8.88,7783
WM922A,IND,XL,19466167842,8.88,7089
WM922A,IND,XS,19466167843,8.88,6385
WM922A,PWT,2XL,19466167844,8.88,2810
WM922A,PWT,3XL,19466167845,8.88,2027
WM922A,PWT,L,19466167846,8.88,4524
WM922A,PWT,M,19466167847,8.88,5016
WM922A,PWT,S,19466167848,8.88,3275
WM922A,PWT,XL,19466167849,8.88,3561
WM922A,PWT,XS,19466167850,8.88,2812
WM922A,WIN,2XL,19466167851,8.88,1600
WM922A,WIN,3XL,19466167852,8.88,1172
WM922A,WIN,L,19466167853,8.88,2572
WM922A,WIN,M,19466167854,8.88,2518
WM922A,WIN,S,19466167855,8.88,2345
WM922A,WIN,XL,19466167856,8.88,2128
WM922A,WIN,XS,19466167857,8.88,1724
WM922ARC12,AQBU,S,19466182327,111,16
WM922ARC12,BLK,2XL,19466182336,106.56,93
WM922ARC12,BLK,L,19466182332,106.56,180
WM922ARC12,BLK,M,19466182333,106.56,188
WM922ARC12,BLK,S,19466182334,106.56,97
WM922ARC12,BLK,XL,19466182335,106.56,157
WM922ARC12,BLK,XS,19466182331,106.56,98
WM922ARC12,EBW,2XL,19466182350,106.56,6
WM922ARC12,EBW,3XL,19466182351,106.56,2
WM922ARC12,EBW,L,19466182346,106.56,16
WM922ARC12,EBW,M,19466182347,106.56,15
WM922ARC12,EBW,S,19466182348,106.56,6
WM922ARC12,EBW,XL,19466182349,106.56,11
WM922ARC12,EBW,XS,19466182345,106.56,5
WM922ARC12,IND,2XL,19466182357,106.56,14
WM922ARC12,IND,3XL,19466182358,106.56,8
WM922ARC12,IND,L,19466182353,106.56,138
WM922ARC12,IND,M,19466182354,106.56,140
WM922ARC12,IND,S,19466182355,106.56,14
WM922ARC12,IND,XL,19466182356,106.56,23
WM922ARC12,IND,XS,19466182352,106.56,10
WM922ARC12,PWT,2XL,19466182364,106.56,9
WM922ARC12,PWT,3XL,19466182365,106.56,5
WM922ARC12,PWT,L,19466182360,106.56,94
WM922ARC12,PWT,M,19466182361,106.56,89
WM922ARC12,PWT,S,19466182362,106.56,9
WM922ARC12,PWT,XL,19466182363,106.56,15
WM922ARC12,PWT,XS,19466182359,106.56,7
WM922ARC12,WIN,2XL,19466182371,111,1
WM922ARC12,WIN,3XL,19466182372,111,0
WM922ARC12,WIN,L,19466182367,111,3
WM922ARC12,WIN,M,19466182368,111,4
WM922ARC12,WIN,S,19466182369,111,1
WM922ARC12,WIN,XL,19466182370,111,3
WM922ARC12,WIN,XS,19466182366,111,0
WM931A,AQBU,2XL,19466167907,8.88,14
WM931A,AQBU,3XL,19466167908,8.88,21
WM931A,AQBU,L,19466167909,8.88,0
WM931A,AQBU,S,19466167911,8.88,1
WM931A,AQBU,XS,19466167913,8.88,55
WM931A,BLK,2XL,19466167914,8.88,8971
WM931A,BLK,3XL,19466167915,8.88,6621
WM931A,BLK,L,19466167916,8.88,8381
WM931A,BLK,M,19466167917,8.88,6891
WM931A,BLK,S,19466167918,8.88,4004
WM931A,BLK,XL,19466167919,8.88,9996
WM931A,BLK,XS,19466167920,8.88,921
WM931A,EBW,2XL,19466167928,8.88,11
WM931A,EBW,L,19466167930,8.88,16
WM931A,EBW,M,19466167931,8.88,0
WM931A,EBW,XL,19466167933,8.88,12
WM931A,EGG,2XL,19466167935,8.88,0
WM931A,EGG,3XL,19466167936,8.88,118
WM931A,IND,2XL,19466167942,8.88,6040
WM931A,IND,3XL,19466167943,8.88,4832
WM931A,IND,L,19466167944,8.88,5522
WM931A,IND,M,19466167945,8.88,4492
WM931A,IND,S,19466167946,8.88,3681
WM931A,IND,XL,19466167947,8.88,6392
WM931A,IND,XS,19466167948,8.88,1927
WM931A,PWT,2XL,19466167949,8.88,2639
WM931A,PWT,3XL,19466167950,8.88,1928
WM931A,PWT,L,19466167951,8.88,2233
WM931A,PWT,M,19466167952,8.88,1921
WM931A,PWT,S,19466167953,8.88,1667
WM931A,PWT,XL,19466167954,8.88,2592
WM931A,PWT,XS,19466167955,8.88,1099
WM931A,WIN,2XL,19466167956,8.88,1783
WM931A,WIN,3XL,19466167957,8.88,1485
WM931A,WIN,L,19466167958,8.88,1772
WM931A,WIN,M,19466167959,8.88,1565
WM931A,WIN,S,19466167960,8.88,1016
WM931A,WIN,XL,19466167961,8.88,2079
WM931A,WIN,XS,19466167962,8.88,676
WM931ARC12,AQBU,XS,19466182450,111,0
WM931ARC12,DESL,3XL,19466182471,111,0
WM931ARC12,EGG,3XL,19466182487,111,1
WM931ARC12,PWT,3XL,19466182503,106.56,0
WM931ARC12,PWT,XS,19466182498,106.56,0
WM931ARC12,WIN,S,19466182507,106.56,0
WM951,BLK,2XL,19466179612,9.95,8464
WM951,BLK,3XL,19466179613,9.95,6674
WM951,BLK,L,19466179614,9.95,10948
WM951,BLK,M,19466179615,9.95,11336
WM951,BLK,S,19466179616,9.95,8167
WM951,BLK,XL,19466179617,9.95,10628
WM951,BLK,XS,19466179618,9.95,6784
WM951,EBW,2XL,19466179619,9.95,6117
WM951,EBW,3XL,19466179620,9.95,4949
WM951,EBW,L,19466179621,9.95,8416
WM951,EBW,M,19466179622,9.95,9342
WM951,EBW,S,19466179623,9.95,7707
WM951,EBW,XL,19466179624,9.95,7833
WM951,EBW,XS,19466179625,9.95,6795
WM951,IND,2XL,19466179626,9.95,6063
WM951,IND,3XL,19466179627,9.95,4661
WM951,IND,L,19466179628,9.95,7600
WM951,IND,M,19466179629,9.95,8324
WM951,IND,S,19466179630,9.95,7370
WM951,IND,XL,19466179631,9.95,7364
WM951,IND,XS,19466179632,9.95,6317
WM951,PWT,2XL,19466179633,9.95,5494
WM951,PWT,3XL,19466179634,9.95,4335
WM951,PWT,L,19466179635,9.95,6708
WM951,PWT,M,19466179636,9.95,7712
WM951,PWT,S,19466179637,9.95,6604
WM951,PWT,XL,19466179638,9.95,6713
WM951,PWT,XS,19466179639,9.95,5486
WM951RC12,BLK,2XL,19466179767,119.4,7
WM951RC12,BLK,3XL,19466179768,119.4,16
WM951RC12,BLK,L,19466179769,119.4,14
WM951RC12,BLK,M,19466179770,119.4,15
WM951RC12,BLK,S,19466179771,119.4,11
WM951RC12,BLK,XL,19466179772,119.4,12
WM951RC12,BLK,XS,19466179773,119.4,10
WM951RC12,EBW,2XL,19466179783,119.4,14
WM951RC12,EBW,3XL,19466179784,119.4,9
WM951RC12,EBW,L,19466179785,119.4,22
WM951RC12,EBW,M,19466179786,119.4,10
WM951RC12,EBW,S,19466179787,119.4,8
WM951RC12,EBW,XL,19466179788,119.4,8
WM951RC12,EBW,XS,19466179789,119.4,6
WM951RC12,IND,2XL,19466179775,119.4,5
WM951RC12,IND,3XL,19466179776,119.4,3
WM951RC12,IND,L,19466179777,119.4,9
WM951RC12,IND,M,19466179778,119.4,11
WM951RC12,IND,S,19466179779,119.4,9
WM951RC12,IND,XL,19466179780,119.4,8
WM951RC12,IND,XS,19466179781,119.4,6
WM951RC12,PWT,2XL,19466179791,119.4,15
WM951RC12,PWT,3XL,19466179792,119.4,5
WM951RC12,PWT,L,19466179793,119.4,21
WM951RC12,PWT,M,19466179794,119.4,10
WM951RC12,PWT,S,19466179795,119.4,16
WM951RC12,PWT,XL,19466179796,119.4,20
WM951RC12,PWT,XS,19466179797,119.4,8
